{
  "con_0001": 0.12606125095456688,
  "con_0002": 0.1316415934220289,
  "con_0003": 0.1291454731702665,
  "con_0004": 0.12641534637058935,
  "con_0005": 0.13350956664120747,
  "con_0006": 0.13047084041546642,
  "con_0007": 0.1237977546437279,
  "con_0008": 0.12926403100724623,
  "con_0009": 0.12795458276086366,
  "con_0010": 0.12672571388515408,
  "con_0011": 0.13135395898148786,
  "con_0012": 0.1299443876109669,
  "con_0013": 0.12841000313655687,
  "con_0014": 0.13673352083639254,
  "con_0015": 0.13334557717607115,
  "con_0016": 0.13036225644282148,
  "con_0017": 0.13738241975046234,
  "con_0018": 0.13717828970140133,
  "con_0019": 0.12832406721682402,
  "con_0020": 0.1358741828157465,
  "con_0021": 0.13363377977344956,
  "con_0022": 0.1287552617402692,
  "con_0023": 0.13840347387544485,
  "con_0024": 0.1378019727279877,
  "con_0025": 0.1312378840980715,
  "con_0026": 0.13850812014267222,
  "con_0027": 0.13670146299762834,
  "con_0028": 0.13317619441591916,
  "con_0029": 0.1390457086712487,
  "con_0030": 0.13854741792936154,
  "con_0031": 0.1261679929603118,
  "con_0032": 0.1322653337575514,
  "con_0033": 0.1343987503624688,
  "con_0034": 0.1312375765597275,
  "con_0035": 0.13345415345267883,
  "con_0036": 0.13575908277604368,
  "con_0037": 0.12756219770082886,
  "con_0038": 0.13410529900869034,
  "con_0039": 0.12928463518529337,
  "con_0040": 0.13015613393067862,
  "con_0041": 0.13603278310611625,
  "con_0042": 0.13318119659871908,
  "con_0043": 0.12201031530322741,
  "con_0044": 0.1301142713715953,
  "con_0045": 0.12709930657694854,
  "con_0046": 0.12421523462287694,
  "con_0047": 0.13088370813349978,
  "con_0048": 0.12920434832640362,
  "con_0049": 0.12906526109636432,
  "con_0050": 0.137607915994904,
  "con_0051": null,
  "con_0052": null,
  "con_0053": null,
  "con_0054": null,
  "con_0055": 0.13256068317079917,
  "con_0056": 0.14064775694851522,
  "con_0057": 0.13931767656500268,
  "con_0058": 0.133618010201112,
  "con_0059": 0.141754240197051,
  "con_0060": 0.1410265058771845,
  "con_0061": 0.1283313447729251,
  "con_0062": 0.13578920970543235,
  "con_0063": 0.13125756461956609,
  "con_0064": 0.13091711080798568,
  "con_0065": 0.13765771924656364,
  "con_0066": 0.1343318409804817,
  "con_0067": 0.12976724464832007,
  "con_0068": 0.1348864571987988,
  "con_0069": 0.13183035897817594,
  "con_0070": 0.12966173501950026,
  "con_0071": 0.1373427008498469,
  "con_0072": 0.1350640545475837,
  "con_0073": 0.13251307268418203,
  "con_0074": 0.13862407985907882,
  "con_0075": 0.13493131486063495,
  "con_0076": 0.13238038278337735,
  "con_0077": 0.13967931926774893,
  "con_0078": 0.13626234689896757,
  "con_0079": null,
  "con_0080": null,
  "con_0081": null,
  "con_0082": null,
  "con_0083": null,
  "con_0084": null,
  "con_0085": null,
  "con_0086": null,
  "con_0087": null,
  "con_0088": null,
  "con_0089": null,
  "con_0090": null,
  "con_0091": 0.128368522595063,
  "con_0092": 0.13598987388539524,
  "con_0093": 0.13282925027680684,
  "con_0094": 0.13056956317078708,
  "con_0095": 0.13847102052749521,
  "con_0096": 0.135625125254656,
  "con_0097": null,
  "con_0098": null,
  "con_0099": null,
  "con_0100": null,
  "con_0101": null,
  "con_0102": null,
  "con_0103": 0.13411858512093325,
  "con_0104": 0.14216676616561738,
  "con_0105": 0.14168394729495049,
  "con_0106": 0.13490820478020918,
  "con_0107": 0.14281142892109022,
  "con_0108": 0.143173336995732,
  "con_0109": null,
  "con_0110": null,
  "con_0111": null,
  "con_0112": null,
  "con_0113": null,
  "con_0114": null,
  "con_0115": null,
  "con_0116": null,
  "con_0117": null,
  "con_0118": null,
  "con_0119": null,
  "con_0120": null,
  "con_0121": 0.1319246934310812,
  "con_0122": 0.13572167489388234,
  "con_0123": 0.13367197410045703,
  "con_0124": 0.13039835485347306,
  "con_0125": 0.13783704468793712,
  "con_0126": 0.13636314938797653,
  "con_0127": 0.12559002758204182,
  "con_0128": 0.13496148517075926,
  "con_0129": 0.13073038488201744,
  "con_0130": 0.12498741538403556,
  "con_0131": 0.13568886760894844,
  "con_0132": 0.1336841544623427,
  "con_0133": null,
  "con_0134": null,
  "con_0135": null,
  "con_0136": null,
  "con_0137": null,
  "con_0138": null,
  "con_0139": null,
  "con_0140": null,
  "con_0141": null,
  "con_0142": null,
  "con_0143": null,
  "con_0144": null,
  "con_0145": null,
  "con_0146": null,
  "con_0147": null,
  "con_0148": null,
  "con_0149": null,
  "con_0150": null,
  "con_0151": null,
  "con_0152": null,
  "con_0153": null,
  "con_0154": null,
  "con_0155": null,
  "con_0156": null,
  "con_0157": 0.131548748355835,
  "con_0158": 0.13457724731692142,
  "con_0159": 0.13351238630451523,
  "con_0160": 0.13386242569811493,
  "con_0161": 0.13557198585645444,
  "con_0162": 0.13405049502144795,
  "con_0163": 0.12679042285665526,
  "con_0164": 0.131542584683859,
  "con_0165": 0.12942718807878492,
  "con_0166": null,
  "con_0167": null,
  "con_0168": null,
  "con_0169": 0.12828837326294137,
  "con_0170": 0.135298353064824,
  "con_0171": 0.1318707235112822,
  "con_0172": 0.12794793045859615,
  "con_0173": 0.13531782251015745,
  "con_0174": 0.13332496573113733,
  "con_0175": null,
  "con_0176": null,
  "con_0177": null,
  "con_0178": null,
  "con_0179": null,
  "con_0180": null,
  "con_0181": 0.12996798961116024,
  "con_0182": 0.13344249478379144,
  "con_0183": 0.13274970974422554,
  "con_0184": 0.129274649600225,
  "con_0185": 0.13591560041079823,
  "con_0186": 0.1376284637547691,
  "con_0187": null,
  "con_0188": null,
  "con_0189": null,
  "con_0190": null,
  "con_0191": null,
  "con_0192": null,
  "con_0193": null,
  "con_0194": null,
  "con_0195": null,
  "con_0196": null,
  "con_0197": null,
  "con_0198": null,
  "con_0199": 0.1288549676902362,
  "con_0200": 0.135693356285758,
  "con_0201": 0.1306171695342521,
  "con_0202": 0.13036531561288897,
  "con_0203": 0.13667620823674698,
  "con_0204": 0.13337887481331684,
  "con_0205": null,
  "con_0206": null,
  "con_0207": null,
  "con_0208": null,
  "con_0209": null,
  "con_0210": null,
  "con_0211": 0.1320639909042817,
  "con_0212": 0.1395986122281251,
  "con_0213": 0.1361083247309141,
  "con_0214": 0.1324844714936956,
  "con_0215": 0.1402300544690404,
  "con_0216": 0.13841859457895295,
  "con_0217": null,
  "con_0218": null,
  "con_0219": null,
  "con_0220": null,
  "con_0221": null,
  "con_0222": null,
  "con_0223": null,
  "con_0224": null,
  "con_0225": null,
  "con_0226": 0.1262428481269766,
  "con_0227": 0.133389814166599,
  "con_0228": 0.1308810832242026,
  "con_0229": null,
  "con_0230": null,
  "con_0231": null,
  "con_0232": null,
  "con_0233": null,
  "con_0234": null,
  "con_0235": 0.1293902501692636,
  "con_0236": 0.13148343862025158,
  "con_0237": 0.13294543202375964,
  "con_0238": 0.13100891672351425,
  "con_0239": 0.13477203747806485,
  "con_0240": 0.1348826346247717,
  "con_0241": 0.13319583618261996,
  "con_0242": 0.1378453324922329,
  "con_0243": 0.13848036076201495,
  "con_0244": 0.13390892923670114,
  "con_0245": 0.1417754737537284,
  "con_0246": 0.14436049219220876,
  "con_0247": 0.14084532762621985,
  "con_0248": 0.14361220763107765,
  "con_0249": 0.14708443873247312,
  "con_0250": 0.14018409232097084,
  "con_0251": 0.14473725575557414,
  "con_0252": 0.15158367972998393,
  "con_0253": 0.13365498420101896,
  "con_0254": 0.13913414974242744,
  "con_0255": 0.14061554147330635,
  "con_0256": 0.13402950055530213,
  "con_0257": 0.14022566478771087,
  "con_0258": 0.1452765704664801,
  "con_0259": 0.13198808973253356,
  "con_0260": 0.13934525861867114,
  "con_0261": 0.1366192980746528,
  "con_0262": 0.13238566454057976,
  "con_0263": 0.14049328800475766,
  "con_0264": 0.13914217939398763,
  "con_0265": 0.129881139921763,
  "con_0266": 0.133164910539948,
  "con_0267": 0.13357185633470225,
  "con_0268": 0.13152304386784291,
  "con_0269": 0.13571784742122803,
  "con_0270": 0.13542874489545023,
  "con_0271": 0.1269175069540665,
  "con_0272": 0.13354483552222304,
  "con_0273": 0.12894508165458657,