{
  "con_0151": 0.6635895417409622,
  "con_0152": 0.6648921315222389,
  "con_0153": 0.6636354405801876,
  "con_0154": 0.6648921315222343,
  "con_0155": 0.6673944538593962,
  "con_0156": 0.6672277052205708,
  "con_0157": 0.6936840189225904,
  "con_0158": 0.6945428662929554,
  "con_0159": 0.7183631321494216,
  "con_0160": 0.6945428662929554,
  "con_0161": 0.6961945115610102,
  "con_0162": 0.7197818475401636,
  "con_0163": 0.6308255382101364,
  "con_0164": 0.6326129473277242,
  "con_0165": 0.6005342449324669,
  "con_0166": 0.6326129473277242,
  "con_0167": 0.6360454018211441,
  "con_0168": 0.6067103794097435,
  "con_0169": 0.6594575900900753,
  "con_0170": 0.6608199640124458,
  "con_0171": 0.6558273156145429,
  "con_0172": 0.660819964012441,
  "con_0173": 0.6634370289331185,
  "con_0174": 0.6597313550811733,
  "con_0175": 0.6574233185996908,
  "con_0176": 0.6588082107231387,
  "con_0177": 0.6520207809165257,
  "con_0178": 0.6588082107231387,
  "con_0179": 0.6614690188131638,
  "con_0180": 0.6560400293325606,
  "con_0181": 0.6792409691549144,
  "con_0182": 0.6803075920194502,
  "con_0183": 0.6925551842983605,
  "con_0184": 0.6803075920194502,
  "con_0185": 0.6823578529237763,
  "con_0186": 0.6949608846105322,
  "con_0187": 0.654756801962077,
  "con_0188": 0.6561981631457264,
  "con_0189": 0.6467820735027727,
  "con_0190": 0.6561981631457312,
  "con_0191": 0.6589660106817607,
  "con_0192": 0.6511082481852727,
  "con_0193": 0.6389550510522778,
  "con_0194": 0.6406235740925897,
  "con_0195": 0.6163533446958265,
  "con_0196": 0.6406235740925897,
  "con_0197": 0.6438277370593608,
  "con_0198": 0.6218915678165766,
  "con_0199": 0.6791689981133878,
  "con_0200": 0.6802610690635131,
  "con_0051": 0.6503863874191139,
  "con_0052": 0.6579377456648658,
  "con_0053": 0.6606164873514556,
  "con_0054": 0.6544518943193424,
  "con_0055": 0.6881972366721908,
  "con_0056": 0.6891303940318382,
  "con_0057": 0.7085002906859746,
  "con_0058": 0.6891303940318382,
  "con_0059": 0.6909249156316696,
  "con_0060": 0.7102761615829317,
  "con_0061": 0.6693708995790053,
  "con_0062": 0.6706024041971641,
  "con_0063": 0.674589385381276,
  "con_0064": 0.6706024041971641,
  "con_0065": 0.6729673674308008,
  "con_0066": 0.6778057038011602,
  "con_0067": 0.6752204505244368,
  "con_0068": 0.6763469517489554,
  "con_0069": 0.6852373040917701,
  "con_0070": 0.6763469517489554,
  "con_0071": 0.6785119639954056,
  "con_0072": 0.6879366460286069,
  "con_0073": 0.6695586304310892,
  "con_0074": 0.6707629717067278,
  "con_0075": 0.6747416400489261,
  "con_0076": 0.6707629717067278,
  "con_0077": 0.673077634328642,
  "con_0078": 0.6778353719985396,
  "con_0079": 0.6499803795795015,
  "con_0080": 0.6514764661757132,
  "con_0081": 0.6378359630666383,
  "con_0082": 0.6514764661757132,
  "con_0083": 0.6543504786031129,
  "con_0084": 0.642439878266843,
  "con_0085": 0.6461870833210018,
  "con_0086": 0.6477381534325164,
  "con_0087": 0.6305796350043096,
  "con_0088": 0.6477381534325164,
  "con_0089": 0.6507177345470588,
  "con_0090": 0.6354735087442295,
  "con_0091": 0.6688880316725418,
  "con_0092": 0.6701172165251814,
  "con_0093": 0.6736090027553862,
  "con_0094": 0.670117216525183,
  "con_0095": 0.6724784305142725,
  "con_0096": 0.6768195858304845,
  "con_0097": 0.6431376774660429,
  "con_0098": 0.6447450494671554,
  "con_0099": 0.6244585580281782,
  "con_0100": 0.644745049467157,
  "con_0201": 0.6930029207193804,
  "con_0202": 0.6802610690635131,
  "con_0203": 0.6823583501921262,
  "con_0204": 0.6954931163349753,
  "con_0205": 0.6558966619307887,
  "con_0206": 0.6573141958909687,
  "con_0207": 0.6490340462849123,
  "con_0208": 0.6573141958909687,
  "con_0209": 0.6600368653529435,
  "con_0210": 0.6532294106777314,
  "con_0211": 0.6847772618657166,
  "con_0212": 0.685768034420952,
  "con_0213": 0.7026987344119661,
  "con_0214": 0.685768034420952,
  "con_0215": 0.6876724901196121,
  "con_0216": 0.704727031296303,
  "con_0217": 0.6455546376031606,
  "con_0218": 0.6471071049257372,
  "con_0219": 0.6295219179396205,
  "con_0220": 0.6471071049257372,
  "con_0221": 0.6500899580699239,
  "con_0222": 0.634413102134378,
  "con_0223": 0.6630954973140678,
  "con_0224": 0.6643826135877376,
  "con_0225": 0.6627167060306757,
  "con_0226": 0.6643826135877376,
  "con_0227": 0.6668569092400346,
  "con_0228": 0.6662319858370674,
  "con_0229": 0.6325484813339812,
  "con_0230": 0.6342974588522855,
  "con_0231": 0.6043091715220382,
  "con_0232": 0.6342974588522855,
  "con_0233": 0.6376571275991716,
  "con_0234": 0.6102503775622243,
  "con_0235": 0.6735251332444593,
  "con_0236": 0.674667273329974,
  "con_0237": 0.681991993927267,
  "con_0238": 0.674667273329974,
  "con_0239": 0.6768629340239124,
  "con_0240": 0.6847791963194734,
  "con_0241": 0.705281718118733,
  "con_0242": 0.7059632359666718,
  "con_0243": 0.7372226172132111,
  "con_0244": 0.7059632359666718,
  "con_0245": 0.7072754486329466,
  "con_0246": 0.7379275467968368,
  "con_0247": 0.7569575084922733,
  "con_0248": 0.7569757041401073,
  "con_0249": 0.8195500859488623,
  "con_0250": 0.7569757041401111,
  "con_0251": 0.7570108023511928,
  "con_0252": 0.8177712274688994,
  "con_0253": 0.6869949762796296,
  "con_0254": 0.6879425961599173,
  "con_0255": 0.7062623158256925,
  "con_0256": 0.6879425961599173,
  "con_0257": 0.6897650631521457,
  "con_0258": 0.7081130810347208,
  "con_0259": 0.6637511819347033,
  "con_0260": 0.6650042542031045,
  "con_0261": 0.6639273875192856,
  "con_0262": 0.6650042542031045,
  "con_0263": 0.667414957450508,
  "con_0264": 0.6672760882067688,
  "con_0265": 0.6885986432913014,
  "con_0266": 0.6895239127751678,
  "con_0267": 0.7091237604592255,
  "con_0268": 0.6895239127751632,
  "con_0269": 0.6913034501427983,
  "con_0270": 0.7108686918965317,
  "con_0271": 0.6898114853695338,
  "con_0272": 0.6907154241785123,
  "con_0273": 0.7110897315607544,
  "con_0274": 0.6907154241785123,
  "con_0275": 0.6924543096888734,
  "con_0276": 0.7127474087231809,
  "con_0277": 0.6945589539967768,
  "con_0278": 0.6954248983733777,
  "con_0279": 0.7209919109526899,
  "con_0280": 0.6954248983733792,
  "con_0281": 0.6970887472472995,
  "con_0282": 0.7223699992994613,
  "con_0283": 0.6803187796822946,
  "con_0284": 0.6813860449819676,
  "con_0285": 0.6949286271211792,
  "con_0286": 0.6813860449819723,
  "con_0287": 0.6834363527549452,
  "con_0288": 0.6973082458681936,
  "con_0289": 0.7312047357435504,
  "con_0290": 0.7315452215438826,
  "con_0291": 0.7798992015024423,
  "con_0292": 0.7315452215438826,
  "con_0293": 0.7322013301888187,
  "con_0294": 0.7792279064059762,
  "con_0295": 0.6947649719987298,
  "con_0296": 0.6956301737149604,
  "con_0297": 0.7214890863019119,
  "con_0298": 0.6956301737149604,
  "con_0299": 0.6972924353923463,
  "con_0300": 0.7228546205212005,
  "con_0101": 0.6478318132748087,
  "con_0102": 0.6296687931097379,
  "con_0103": 0.695686877270596,
  "con_0104": 0.6965178620532869,
  "con_0105": 0.7219032775368355,
  "con_0106": 0.6965178620532869,
  "con_0107": 0.698115995272709,
  "con_0108": 0.7231922483235975,
  "con_0109": 0.6618849260956421,
  "con_0110": 0.6632088432533491,
  "con_0111": 0.6604261267513154,
  "con_0112": 0.6632088432533491,
  "con_0113": 0.6657523474891784,
  "con_0114": 0.6641293169774384,
  "con_0115": 0.6525374556057087,
  "con_0116": 0.6539892351959664,
  "con_0117": 0.6428062260490851,
  "con_0118": 0.6539892351959664,
  "con_0119": 0.6567787327111411,
  "con_0120": 0.6471714790597359,
  "con_0121": 0.6789752330153964,
  "con_0122": 0.6800536642540126,
  "con_0123": 0.6922552516776175,
  "con_0124": 0.6800536642540126,
  "con_0125": 0.6821260001106682,
  "con_0126": 0.6947057899375226,
  "con_0127": 0.6756099935787019,
  "con_0128": 0.6767337435074402,
  "con_0129": 0.6860031480954877,
  "con_0130": 0.6767337435074402,
  "con_0131": 0.6788932668156828,
  "con_0132": 0.6886850356015654,
  "con_0133": 0.6322130961513137,
  "con_0134": 0.6339936903473361,
  "con_0135": 0.6028064595849176,