peptide_id,sequence,length,source,channel,anoxpepred,toxinpred3,algpred2,hemopi2,mhcflurry,temstapro,bepipred3,r3_weighted_score,weighted_score,safety_flag
pep_002974,AACEQLHQQQQQQQEETAAATLLLQGEEKG,30,function_2,bottom,0.1594,0.245,0.43,0.42849889397621155,0.0,0.8174,0.2048147620757421,0.4757,0.3968,safe
pep_895244,TLQLLNQQEQEKEESSSEEEEEKAEERPR,29,function_2,bottom,0.1645,0.245,0.366,0.24800509214401245,0.0,0.7971,0.2785443388696375,0.4908,0.4268,safe
pep_889620,TKQQQQQQQQSNSSSGVANNQK,22,function_2,bottom,0.1715,0.14,0.295,0.24537663161754608,0.0,0.402,0.2821580927480351,0.4783,0.4563,safe
pep_206019,EGCNILCLLKRKVKAVKNVVKNVVKSVVG,29,function_2,bottom,0.1822,0.545,0.366,0.5389243960380554,0.0,0.6115,0.19697753003445165,0.425,0.3543,safe
pep_608130,LVQQQEEEQQKQQSASSIVAAR,22,function_2,bottom,0.1826,0.17,0.369,0.19996806979179382,0.0,0.493,0.2500073316422376,0.4882,0.4543,safe
pep_1043856,YQQQQQQQKQAAAAAAAAAATAAW,24,function_2,bottom,0.1861,0.16,0.434,0.345275342464447,0.0,0.447,0.2154905512308081,0.4715,0.4346,safe
pep_140158,DKKVEKVTISN,11,function_2,bottom,0.1883,0.165,0.313,0.18515358865261078,0.0,0.4713,0.2897741881283847,0.4919,0.4662,safe
pep_078551,ATYKVKDSSVGK,12,function_2,bottom,0.1888,0.36,0.351,0.18827182054519653,0.0,0.4126,0.30142439206441246,0.4566,0.4294,safe
pep_988471,VTAEDKGTGNKNKITITNDQNRLTPEEIER,30,function_2,bottom,0.1903,0.12,0.309,0.2423596978187561,0.0,0.6209,0.2823712616165479,0.5081,0.4689,safe
pep_217694,EKKVVKITSE,10,function_2,bottom,0.1925,0.225,0.346,0.19052106142044067,0.0,0.6833,0.27755192309618,0.5028,0.4543,safe
